<metadata xml:lang="en"><Esri><CreaDate>20230215</CreaDate><CreaTime>11104500</CreaTime><ArcGISFormat>1.0</ArcGISFormat><SyncOnce>FALSE</SyncOnce><DataProperties><itemProps><itemLocation><linkage Sync="TRUE">file://\\BS-LOUELA-D1\G$\gis_project_transfer\update_nov2023_7_8\final_downloads\add_coastline_medium_res_line_v7_8.shp</linkage><protocol Sync="TRUE">Local Area Network</protocol></itemLocation><itemName Sync="TRUE">add_coastline_medium_res_line_v7_8</itemName><imsContentType Sync="TRUE">002</imsContentType><itemSize Sync="TRUE">0.000</itemSize></itemProps><copyHistory><copy source="C:\Users\lauger\OneDrive - NERC\data\Antarctic_data\ADD\add_coastline_high_res_line_v7_6" dest="\\BS-LAUGER-D1\C$\Users\lauger\OneDrive - NERC\2023\ADD_coast_brunt_update\add_coastline_high_res_line_v7_6" date="20230215" time="11104500"></copy></copyHistory><lineage><Process ToolSource="c:\program files\arcgis\pro\Resources\ArcToolbox\Toolboxes\Data Management Tools.tbx\Copy" Date="20230215" Time="111045">Copy "C:\Users\lauger\OneDrive - NERC\data\Antarctic_data\ADD\add_coastline_high_res_line_v7_6.shp" "C:\Users\lauger\OneDrive - NERC\2023\ADD_coast_brunt_update\add_coastline_high_res_line_v7_6.shp" Shapefile #</Process><Process ToolSource="c:\program files\arcgis\pro\Resources\ArcToolbox\Toolboxes\Data Management Tools.tbx\Rename" Date="20230215" Time="111054">Rename "C:\Users\lauger\OneDrive - NERC\2023\ADD_coast_brunt_update\add_coastline_high_res_line_v7_6.shp" "C:\Users\lauger\OneDrive - NERC\2023\ADD_coast_brunt_update\add_coastline_high_res_line_v7_6_modified_brunt.shp" ShapeFile</Process><Process ToolSource="c:\program files\arcgis\pro\Resources\ArcToolbox\toolboxes\Data Management Tools.tbx\CopyFeatures" Date="20230509" Time="124715">CopyFeatures add_coastline_high_res_line_v7_6_modified_brunt "E:\onedrive\OneDrive - NERC\ADD\update_may2023_7_7\update_may2023_7_7\Default.gdb\add_coastline_high_res_line_v7_6_modified_brunt" # # # #</Process><Process ToolSource="c:\program files\arcgis\pro\Resources\ArcToolbox\toolboxes\Data Management Tools.tbx\Rename" Date="20230509" Time="124753">Rename "E:\onedrive\OneDrive - NERC\ADD\update_may2023_7_7\update_may2023_7_7\Default.gdb\add_coastline_high_res_line_v7_6_modified_brunt" "E:\onedrive\OneDrive - NERC\ADD\update_may2023_7_7\update_may2023_7_7\Default.gdb\add_coastline_high_res_line_v7_6_edited" FeatureClass</Process><Process ToolSource="c:\program files\arcgis\pro\Resources\ArcToolbox\toolboxes\Data Management Tools.tbx\UpdateSchema" Date="20230509" Time="125028">UpdateSchema "CIMDATA=&lt;CIMStandardDataConnection xsi:type='typens:CIMStandardDataConnection' xmlns:xsi='http://www.w3.org/2001/XMLSchema-instance' xmlns:xs='http://www.w3.org/2001/XMLSchema' xmlns:typens='http://www.esri.com/schemas/ArcGIS/3.1.0'&gt;&lt;WorkspaceConnectionString&gt;DATABASE=E:\onedrive\OneDrive - NERC\ADD\update_may2023_7_7\update_may2023_7_7\Default.gdb&lt;/WorkspaceConnectionString&gt;&lt;WorkspaceFactory&gt;FileGDB&lt;/WorkspaceFactory&gt;&lt;Dataset&gt;add_coastline_high_res_line_v7_6_edited&lt;/Dataset&gt;&lt;DatasetType&gt;esriDTFeatureClass&lt;/DatasetType&gt;&lt;/CIMStandardDataConnection&gt;" &lt;operationSequence&gt;&lt;workflow&gt;&lt;AddField&gt;&lt;field_name&gt;sourcedateobj&lt;/field_name&gt;&lt;field_type&gt;DATE&lt;/field_type&gt;&lt;field_is_nullable&gt;True&lt;/field_is_nullable&gt;&lt;field_is_required&gt;False&lt;/field_is_required&gt;&lt;/AddField&gt;&lt;/workflow&gt;&lt;/operationSequence&gt;</Process><Process ToolSource="c:\program files\arcgis\pro\Resources\ArcToolbox\toolboxes\Data Management Tools.tbx\CalculateField" Date="20230509" Time="125213">CalculateField add_coastline_high_res_line_v7_6_edited sourcedateobj time.strftime('%d-%m-%Y') "Python 3" # Text NO_ENFORCE_DOMAINS</Process><Process ToolSource="c:\program files\arcgis\pro\Resources\ArcToolbox\toolboxes\Data Management Tools.tbx\DeleteField" Date="20230509" Time="125650">DeleteField add_coastline_high_res_line_v7_6_edited sourcedateobj "Delete Fields"</Process><Process ToolSource="c:\program files\arcgis\pro\Resources\ArcToolbox\toolboxes\Data Management Tools.tbx\Rename" Date="20230509" Time="150046">Rename "E:\onedrive\OneDrive - NERC\ADD\update_may2023_7_7\update_may2023_7_7\Default.gdb\add_coastline_high_res_line_v7_6_edited" "E:\onedrive\OneDrive - NERC\ADD\update_may2023_7_7\update_may2023_7_7\Default.gdb\add_coastline_high_res_line_v7_7" FeatureClass</Process><Process ToolSource="c:\program files\arcgis\pro\Resources\ArcToolbox\toolboxes\Conversion Tools.tbx\ExportFeatures" Date="20230511" Time="101307">ExportFeatures add_coastline_high_res_line_v7_7 "C:\Users\louela\OneDrive - NERC\ADD\update_may2023_7_7\final_downloads\add_coastline_high_res_line_v7_7.shp" # NOT_USE_ALIAS "surface "surface" true true false 50 Text 0 0,First,#,add_coastline_high_res_line_v7_7,surface,0,50;sourcedate "sourcedate" true true false 20 Text 0 0,First,#,add_coastline_high_res_line_v7_7,sourcedate,0,20;updater "updater" true true false 20 Text 0 0,First,#,add_coastline_high_res_line_v7_7,updater,0,20;revdate "revdate" true true false 20 Text 0 0,First,#,add_coastline_high_res_line_v7_7,revdate,0,20;source "source" true true false 254 Text 0 0,First,#,add_coastline_high_res_line_v7_7,source,0,254;lineage "lineage" true true false 254 Text 0 0,First,#,add_coastline_high_res_line_v7_7,lineage,0,254;Shape_Length "Shape_Length" false true true 8 Double 0 0,First,#,add_coastline_high_res_line_v7_7,Shape_Length,-1,-1" #</Process><Process ToolSource="c:\program files\arcgis\pro\Resources\ArcToolbox\toolboxes\Data Management Tools.tbx\DeleteField" Date="20230511" Time="101738">DeleteField add_coastline_high_res_line_v7_7 Shape_Leng "Delete Fields"</Process><Process ToolSource="c:\program files\arcgis\pro\Resources\ArcToolbox\Toolboxes\Data Management Tools.tbx\UpdateSchema" Date="20231026" Time="152624">UpdateSchema "CIMDATA=&lt;CIMStandardDataConnection xsi:type='typens:CIMStandardDataConnection' xmlns:xsi='http://www.w3.org/2001/XMLSchema-instance' xmlns:xs='http://www.w3.org/2001/XMLSchema' xmlns:typens='http://www.esri.com/schemas/ArcGIS/3.0.0'&gt;&lt;WorkspaceConnectionString&gt;DATABASE=C:\Users\louela\OneDrive - NERC\ADD\update_nov2023_7_8\add_coastline_high_res_line_v7_7.shp&lt;/WorkspaceConnectionString&gt;&lt;WorkspaceFactory&gt;Shapefile&lt;/WorkspaceFactory&gt;&lt;Dataset&gt;add_coastline_high_res_line_v7_7.shp&lt;/Dataset&gt;&lt;DatasetType&gt;esriDTFeatureClass&lt;/DatasetType&gt;&lt;/CIMStandardDataConnection&gt;" &lt;operationSequence&gt;&lt;workflow&gt;&lt;AddField&gt;&lt;field_name&gt;updated&lt;/field_name&gt;&lt;field_type&gt;DATE&lt;/field_type&gt;&lt;field_is_nullable&gt;False&lt;/field_is_nullable&gt;&lt;field_is_required&gt;False&lt;/field_is_required&gt;&lt;/AddField&gt;&lt;/workflow&gt;&lt;/operationSequence&gt;</Process><Process ToolSource="c:\program files\arcgis\pro\Resources\ArcToolbox\toolboxes\Data Management Tools.tbx\MultipartToSinglepart" Date="20231102" Time="155826">MultipartToSinglepart add_coastline_high_res_line_v7_7 "C:\Users\louela\OneDrive - NERC\ADD\update_nov2023_7_8\add_coastline_high_res_line_v7_edits2.shp"</Process><Process ToolSource="c:\program files\arcgis\pro\Resources\ArcToolbox\toolboxes\Data Management Tools.tbx\CopyFeatures" Date="20231107" Time="155511">CopyFeatures add_coastline_high_res_line_v7_edits2 "C:\Users\louela\OneDrive - NERC\ADD\update_nov2023_7_8\update_nov2023_7_8\Default.gdb\add_coastline_high_res_line_v7_edits2" # # # #</Process><Process ToolSource="c:\program files\arcgis\pro\Resources\ArcToolbox\toolboxes\Conversion Tools.tbx\ExportFeatures" Date="20231107" Time="171526">ExportFeatures add_coastline_high_res_line_v7_edits2 "C:\Users\louela\OneDrive - NERC\ADD\update_nov2023_7_8\update_nov2023_7_8\Default.gdb\add_coastline_high_res_line_working" # NOT_USE_ALIAS "surface "surface" true true false 50 Text 0 0,First,#,add_coastline_high_res_line_v7_edits2,surface,0,50;sourcedate "sourcedate" true true false 20 Text 0 0,First,#,add_coastline_high_res_line_v7_edits2,sourcedate,0,20;updater "updater" true true false 20 Text 0 0,First,#,add_coastline_high_res_line_v7_edits2,updater,0,20;revdate "revdate" true true false 20 Text 0 0,First,#,add_coastline_high_res_line_v7_edits2,revdate,0,20;source "source" true true false 254 Text 0 0,First,#,add_coastline_high_res_line_v7_edits2,source,0,254;lineage "lineage" true true false 254 Text 0 0,First,#,add_coastline_high_res_line_v7_edits2,lineage,0,254;updated "updated" true true false 8 Date 0 0,First,#,add_coastline_high_res_line_v7_edits2,updated,-1,-1;ORIG_FID "ORIG_FID" true true false 4 Long 0 0,First,#,add_coastline_high_res_line_v7_edits2,ORIG_FID,-1,-1;Shape_Length "Shape_Length" false true true 8 Double 0 0,First,#,add_coastline_high_res_line_v7_edits2,Shape_Length,-1,-1" #</Process><Process ToolSource="c:\program files\arcgis\pro\Resources\ArcToolbox\toolboxes\Analysis Tools.tbx\Erase" Date="20231107" Time="171702">Erase add_coastline_high_res_line_working add_coastline_high_res_poly_small_islands "C:\Users\louela\OneDrive - NERC\ADD\update_nov2023_7_8\update_nov2023_7_8\Default.gdb\add_coastline_high_res_erase_small_islands" #</Process><Process ToolSource="c:\program files (x86)\arcgis\desktop10.8\ArcToolbox\Toolboxes\Cartography Tools.tbx\SimplifyLine" Date="20231107" Time="174744">SimplifyLine "C:\Users\louela\OneDrive - NERC\ADD\update_nov2023_7_8\update_nov2023_7_8\Default.gdb\add_coastline_high_res_erase_small_islands" "C:\Users\louela\OneDrive - NERC\ADD\update_nov2023_7_8\update_nov2023_7_8\Default.gdb\add_coastline_high_res_erase_small_islands_simplify" POINT_REMOVE "50 Meters" RESOLVE_ERRORS NO_KEEP CHECK #</Process><Process ToolSource="c:\program files\arcgis\pro\Resources\ArcToolbox\toolboxes\Data Management Tools.tbx\DeleteField" Date="20231108" Time="151504">DeleteField add_coastline_high_res_erase_small_islands_simplify InLine_FID "Delete Fields"</Process><Process ToolSource="c:\program files\arcgis\pro\Resources\ArcToolbox\toolboxes\Data Management Tools.tbx\DeleteField" Date="20231108" Time="151514">DeleteField add_coastline_high_res_erase_small_islands_simplify SimLnFlag "Delete Fields"</Process><Process ToolSource="c:\program files\arcgis\pro\Resources\ArcToolbox\toolboxes\Data Management Tools.tbx\DeleteField" Date="20231108" Time="151523">DeleteField add_coastline_high_res_erase_small_islands_simplify MaxSimpTol "Delete Fields"</Process><Process ToolSource="c:\program files\arcgis\pro\Resources\ArcToolbox\toolboxes\Data Management Tools.tbx\DeleteField" Date="20231108" Time="151532">DeleteField add_coastline_high_res_erase_small_islands_simplify MinSimpTol "Delete Fields"</Process><Process ToolSource="c:\program files\arcgis\pro\Resources\ArcToolbox\toolboxes\Data Management Tools.tbx\DeleteField" Date="20231108" Time="151541">DeleteField add_coastline_high_res_erase_small_islands_simplify ORIG_FID "Delete Fields"</Process><Process ToolSource="c:\program files\arcgis\pro\Resources\ArcToolbox\toolboxes\Conversion Tools.tbx\ExportFeatures" Date="20231108" Time="153546">ExportFeatures add_coastline_high_res_erase_small_islands_simplify G:\gis_project_transfer\update_nov2023_7_8\final_downloads\add_coastline_medium_res_line_v7_8.shp # NOT_USE_ALIAS "surface "surface" true true false 50 Text 0 0,First,#,add_coastline_high_res_erase_small_islands_simplify,surface,0,50;sourcedate "sourcedate" true true false 20 Text 0 0,First,#,add_coastline_high_res_erase_small_islands_simplify,sourcedate,0,20;updater "updater" true true false 20 Text 0 0,First,#,add_coastline_high_res_erase_small_islands_simplify,updater,0,20;revdate "revdate" true true false 20 Text 0 0,First,#,add_coastline_high_res_erase_small_islands_simplify,revdate,0,20;source "source" true true false 254 Text 0 0,First,#,add_coastline_high_res_erase_small_islands_simplify,source,0,254;lineage "lineage" true true false 254 Text 0 0,First,#,add_coastline_high_res_erase_small_islands_simplify,lineage,0,254;updated "updated" true true false 8 Date 0 0,First,#,add_coastline_high_res_erase_small_islands_simplify,updated,-1,-1;Shape_Length "Shape_Length" false true true 8 Double 0 0,First,#,add_coastline_high_res_erase_small_islands_simplify,Shape_Length,-1,-1" #</Process><Process ToolSource="c:\program files\arcgis\pro\Resources\ArcToolbox\toolboxes\Data Management Tools.tbx\DeleteField" Date="20231108" Time="153559">DeleteField add_coastline_medium_res_line_v7_8 updated "Delete Fields"</Process><Process ToolSource="c:\program files\arcgis\pro\Resources\ArcToolbox\toolboxes\Data Management Tools.tbx\DeleteField" Date="20231108" Time="153605">DeleteField add_coastline_medium_res_line_v7_8 Shape_Leng "Delete Fields"</Process></lineage><coordRef><type Sync="TRUE">Projected</type><geogcsn Sync="TRUE">GCS_WGS_1984</geogcsn><csUnits Sync="TRUE">Linear Unit: Meter (1.000000)</csUnits><projcsn Sync="TRUE">WGS_1984_Antarctic_Polar_Stereographic</projcsn><peXml Sync="TRUE">&lt;ProjectedCoordinateSystem xsi:type='typens:ProjectedCoordinateSystem' xmlns:xsi='http://www.w3.org/2001/XMLSchema-instance' xmlns:xs='http://www.w3.org/2001/XMLSchema' xmlns:typens='http://www.esri.com/schemas/ArcGIS/3.1.0'&gt;&lt;WKT&gt;PROJCS[&amp;quot;WGS_1984_Antarctic_Polar_Stereographic&amp;quot;,GEOGCS[&amp;quot;GCS_WGS_1984&amp;quot;,DATUM[&amp;quot;D_WGS_1984&amp;quot;,SPHEROID[&amp;quot;WGS_1984&amp;quot;,6378137.0,298.257223563]],PRIMEM[&amp;quot;Greenwich&amp;quot;,0.0],UNIT[&amp;quot;Degree&amp;quot;,0.0174532925199433]],PROJECTION[&amp;quot;Stereographic_South_Pole&amp;quot;],PARAMETER[&amp;quot;False_Easting&amp;quot;,0.0],PARAMETER[&amp;quot;False_Northing&amp;quot;,0.0],PARAMETER[&amp;quot;Central_Meridian&amp;quot;,0.0],PARAMETER[&amp;quot;Standard_Parallel_1&amp;quot;,-71.0],UNIT[&amp;quot;Meter&amp;quot;,1.0],AUTHORITY[&amp;quot;EPSG&amp;quot;,3031]]&lt;/WKT&gt;&lt;XOrigin&gt;-30636100&lt;/XOrigin&gt;&lt;YOrigin&gt;-30636100&lt;/YOrigin&gt;&lt;XYScale&gt;147003033.26371488&lt;/XYScale&gt;&lt;ZOrigin&gt;-100000&lt;/ZOrigin&gt;&lt;ZScale&gt;10000&lt;/ZScale&gt;&lt;MOrigin&gt;-100000&lt;/MOrigin&gt;&lt;MScale&gt;10000&lt;/MScale&gt;&lt;XYTolerance&gt;0.001&lt;/XYTolerance&gt;&lt;ZTolerance&gt;0.001&lt;/ZTolerance&gt;&lt;MTolerance&gt;0.001&lt;/MTolerance&gt;&lt;HighPrecision&gt;true&lt;/HighPrecision&gt;&lt;WKID&gt;3031&lt;/WKID&gt;&lt;LatestWKID&gt;3031&lt;/LatestWKID&gt;&lt;/ProjectedCoordinateSystem&gt;</peXml></coordRef></DataProperties><SyncDate>20231108</SyncDate><SyncTime>15354400</SyncTime><ModDate>20231108</ModDate><ModTime>15354400</ModTime></Esri><dataIdInfo><envirDesc Sync="TRUE">Microsoft Windows 10 Version 10.0 (Build 23526) ; Esri ArcGIS 13.1.3.41833</envirDesc><dataLang><languageCode value="eng" Sync="TRUE"></languageCode><countryCode value="GBR" Sync="TRUE"></countryCode></dataLang><idCitation><resTitle Sync="TRUE">add_coastline_medium_res_line_v7_8</resTitle><presForm><PresFormCd value="005" Sync="TRUE"></PresFormCd></presForm></idCitation><spatRpType><SpatRepTypCd value="001" Sync="TRUE"></SpatRepTypCd></spatRpType></dataIdInfo><mdLang><languageCode value="eng" Sync="TRUE"></languageCode><countryCode value="GBR" Sync="TRUE"></countryCode></mdLang><distInfo><distFormat><formatName Sync="TRUE">Shapefile</formatName></distFormat><distTranOps><transSize Sync="TRUE">0.000</transSize></distTranOps></distInfo><mdHrLv><ScopeCd value="005" Sync="TRUE"></ScopeCd></mdHrLv><mdHrLvName Sync="TRUE">dataset</mdHrLvName><refSysInfo><RefSystem><refSysID><identCode code="3031" Sync="TRUE"></identCode><idCodeSpace Sync="TRUE">EPSG</idCodeSpace><idVersion Sync="TRUE">6.7(9.0.0)</idVersion></refSysID></RefSystem></refSysInfo><spatRepInfo><VectSpatRep><geometObjs Name="add_coastline_medium_res_line_v7_8"><geoObjTyp><GeoObjTypCd value="002" Sync="TRUE"></GeoObjTypCd></geoObjTyp><geoObjCnt Sync="TRUE">0</geoObjCnt></geometObjs><topLvl><TopoLevCd value="001" Sync="TRUE"></TopoLevCd></topLvl></VectSpatRep></spatRepInfo><spdoinfo><ptvctinf><esriterm Name="add_coastline_medium_res_line_v7_8"><efeatyp Sync="TRUE">Simple</efeatyp><efeageom code="3" Sync="TRUE"></efeageom><esritopo Sync="TRUE">FALSE</esritopo><efeacnt Sync="TRUE">0</efeacnt><spindex Sync="TRUE">FALSE</spindex><linrefer Sync="TRUE">FALSE</linrefer></esriterm></ptvctinf></spdoinfo><eainfo><detailed Name="add_coastline_medium_res_line_v7_8"><enttyp><enttypl Sync="TRUE">add_coastline_medium_res_line_v7_8</enttypl><enttypt Sync="TRUE">Feature Class</enttypt><enttypc Sync="TRUE">0</enttypc></enttyp><attr><attrlabl Sync="TRUE">FID</attrlabl><attalias Sync="TRUE">FID</attalias><attrtype Sync="TRUE">OID</attrtype><attwidth Sync="TRUE">4</attwidth><atprecis Sync="TRUE">0</atprecis><attscale Sync="TRUE">0</attscale><attrdef Sync="TRUE">Internal feature number.</attrdef><attrdefs Sync="TRUE">Esri</attrdefs><attrdomv><udom Sync="TRUE">Sequential unique whole numbers that are automatically generated.</udom></attrdomv></attr><attr><attrlabl Sync="TRUE">Shape</attrlabl><attalias Sync="TRUE">Shape</attalias><attrtype Sync="TRUE">Geometry</attrtype><attwidth Sync="TRUE">0</attwidth><atprecis Sync="TRUE">0</atprecis><attscale Sync="TRUE">0</attscale><attrdef Sync="TRUE">Feature geometry.</attrdef><attrdefs Sync="TRUE">Esri</attrdefs><attrdomv><udom Sync="TRUE">Coordinates defining the features.</udom></attrdomv></attr><attr><attrlabl Sync="TRUE">surface</attrlabl><attalias Sync="TRUE">surface</attalias><attrtype Sync="TRUE">String</attrtype><attwidth Sync="TRUE">50</attwidth><atprecis Sync="TRUE">0</atprecis><attscale Sync="TRUE">0</attscale></attr><attr><attrlabl Sync="TRUE">sourcedate</attrlabl><attalias Sync="TRUE">sourcedate</attalias><attrtype Sync="TRUE">String</attrtype><attwidth Sync="TRUE">20</attwidth><atprecis Sync="TRUE">0</atprecis><attscale Sync="TRUE">0</attscale></attr><attr><attrlabl Sync="TRUE">updater</attrlabl><attalias Sync="TRUE">updater</attalias><attrtype Sync="TRUE">String</attrtype><attwidth Sync="TRUE">20</attwidth><atprecis Sync="TRUE">0</atprecis><attscale Sync="TRUE">0</attscale></attr><attr><attrlabl Sync="TRUE">revdate</attrlabl><attalias Sync="TRUE">revdate</attalias><attrtype Sync="TRUE">String</attrtype><attwidth Sync="TRUE">20</attwidth><atprecis Sync="TRUE">0</atprecis><attscale Sync="TRUE">0</attscale></attr><attr><attrlabl Sync="TRUE">source</attrlabl><attalias Sync="TRUE">source</attalias><attrtype Sync="TRUE">String</attrtype><attwidth Sync="TRUE">254</attwidth><atprecis Sync="TRUE">0</atprecis><attscale Sync="TRUE">0</attscale></attr><attr><attrlabl Sync="TRUE">lineage</attrlabl><attalias Sync="TRUE">lineage</attalias><attrtype Sync="TRUE">String</attrtype><attwidth Sync="TRUE">254</attwidth><atprecis Sync="TRUE">0</atprecis><attscale Sync="TRUE">0</attscale></attr><attr><attrlabl Sync="TRUE">updated</attrlabl><attalias Sync="TRUE">updated</attalias><attrtype Sync="TRUE">Date</attrtype><attwidth Sync="TRUE">8</attwidth><atprecis Sync="TRUE">0</atprecis><attscale Sync="TRUE">0</attscale></attr><attr><attrlabl Sync="TRUE">Shape_Leng</attrlabl><attalias Sync="TRUE">Shape_Leng</attalias><attrtype Sync="TRUE">Double</attrtype><attwidth Sync="TRUE">19</attwidth><atprecis Sync="TRUE">0</atprecis><attscale Sync="TRUE">0</attscale></attr></detailed></eainfo><mdDateSt Sync="TRUE">20231108</mdDateSt></metadata>
